Date,Rate
05-Jan-00,5
12-Jan-00,5
19-Jan-00,5
26-Jan-00,5
02-Feb-00,5
09-Feb-00,5.25
16-Feb-00,5.25
23-Feb-00,5.25
01-Mar-00,5.25
08-Mar-00,5.25
15-Mar-00,5.25
22-Mar-00,5.5
29-Mar-00,5.5
05-Apr-00,5.5
12-Apr-00,5.5
19-Apr-00,5.5
26-Apr-00,5.5
03-May-00,5.5
10-May-00,5.5
17-May-00,6
24-May-00,6
31-May-00,6
07-Jun-00,6
14-Jun-00,6
21-Jun-00,6
28-Jun-00,6
05-Jul-00,6
12-Jul-00,6
19-Jul-00,6
26-Jul-00,6
02-Aug-00,6
09-Aug-00,6
16-Aug-00,6
23-Aug-00,6
30-Aug-00,6
06-Sep-00,6
13-Sep-00,6
20-Sep-00,6
27-Sep-00,6
04-Oct-00,6
11-Oct-00,6
18-Oct-00,6
25-Oct-00,6
01-Nov-00,6
08-Nov-00,6
15-Nov-00,6
22-Nov-00,6
29-Nov-00,6
06-Dec-00,6
13-Dec-00,6
20-Dec-00,6
27-Dec-00,6
03-Jan-01,6
10-Jan-01,6
17-Jan-01,6
24-Jan-01,5.75
31-Jan-01,5.75
07-Feb-01,5.75
14-Feb-01,5.75
21-Feb-01,5.75
28-Feb-01,5.75
07-Mar-01,5.25
14-Mar-01,5.25
21-Mar-01,5.25
28-Mar-01,5.25
04-Apr-01,5.25
11-Apr-01,5.25
18-Apr-01,5
25-Apr-01,5
02-May-01,5
09-May-01,5
16-May-01,5
23-May-01,5
30-May-01,4.75
06-Jun-01,4.75
13-Jun-01,4.75
20-Jun-01,4.75
27-Jun-01,4.75
04-Jul-01,4.75
11-Jul-01,4.75
18-Jul-01,4.5
25-Jul-01,4.5
01-Aug-01,4.5
08-Aug-01,4.5
15-Aug-01,4.5
22-Aug-01,4.5
29-Aug-01,4.25
05-Sep-01,4.25
12-Sep-01,4.25
19-Sep-01,3.75
26-Sep-01,3.75
03-Oct-01,3.75
10-Oct-01,3.75
17-Oct-01,3.75
24-Oct-01,3
31-Oct-01,3
07-Nov-01,3
14-Nov-01,3
21-Nov-01,3
28-Nov-01,2.5
05-Dec-01,2.5
12-Dec-01,2.5
19-Dec-01,2.5
26-Dec-01,2.5
02-Jan-02,2.5
09-Jan-02,2.5
16-Jan-02,2.25
23-Jan-02,2.25
30-Jan-02,2.25
06-Feb-02,2.25
13-Feb-02,2.25
20-Feb-02,2.25
27-Feb-02,2.25
06-Mar-02,2.25
13-Mar-02,2.25
20-Mar-02,2.25
27-Mar-02,2.25
03-Apr-02,2.25
10-Apr-02,2.25
17-Apr-02,2.5
24-Apr-02,2.5
01-May-02,2.5
08-May-02,2.5
15-May-02,2.5
22-May-02,2.5
29-May-02,2.5
05-Jun-02,2.75
12-Jun-02,2.75
19-Jun-02,2.75
26-Jun-02,2.75
03-Jul-02,2.75
10-Jul-02,2.75
17-Jul-02,3
24-Jul-02,3
31-Jul-02,3
07-Aug-02,3
14-Aug-02,3
21-Aug-02,3
28-Aug-02,3
04-Sep-02,3
11-Sep-02,3
18-Sep-02,3
25-Sep-02,3
02-Oct-02,3
09-Oct-02,3
16-Oct-02,3
23-Oct-02,3
30-Oct-02,3
06-Nov-02,3
13-Nov-02,3
20-Nov-02,3
27-Nov-02,3
04-Dec-02,3
11-Dec-02,3
18-Dec-02,3
25-Dec-02,3
01-Jan-03,3
08-Jan-03,3
15-Jan-03,3
22-Jan-03,3
29-Jan-03,3
05-Feb-03,3
12-Feb-03,3
19-Feb-03,3
26-Feb-03,3
05-Mar-03,3.25
12-Mar-03,3.25
19-Mar-03,3.25
26-Mar-03,3.25
02-Apr-03,3.25
09-Apr-03,3.25
16-Apr-03,3.5
23-Apr-03,3.5
30-Apr-03,3.5
07-May-03,3.5
14-May-03,3.5
21-May-03,3.5
28-May-03,3.5
04-Jun-03,3.5
11-Jun-03,3.5
18-Jun-03,3.5
25-Jun-03,3.5
02-Jul-03,3.5
09-Jul-03,3.5
16-Jul-03,3.25
23-Jul-03,3.25
30-Jul-03,3.25
06-Aug-03,3.25
13-Aug-03,3.25
20-Aug-03,3.25
27-Aug-03,3.25
03-Sep-03,3
10-Sep-03,3
17-Sep-03,3
24-Sep-03,3
01-Oct-03,3
08-Oct-03,3
15-Oct-03,3
22-Oct-03,3
29-Oct-03,3
05-Nov-03,3
12-Nov-03,3
19-Nov-03,3
26-Nov-03,3
03-Dec-03,3
10-Dec-03,3
17-Dec-03,3
24-Dec-03,3
31-Dec-03,3
07-Jan-04,3
14-Jan-04,3
21-Jan-04,2.75
28-Jan-04,2.75
04-Feb-04,2.75
11-Feb-04,2.75
18-Feb-04,2.75
25-Feb-04,2.75
03-Mar-04,2.5
10-Mar-04,2.5
17-Mar-04,2.5
24-Mar-04,2.5
31-Mar-04,2.5
07-Apr-04,2.5
14-Apr-04,2.25
21-Apr-04,2.25
28-Apr-04,2.25
05-May-04,2.25
12-May-04,2.25
19-May-04,2.25
26-May-04,2.25
02-Jun-04,2.25
09-Jun-04,2.25
16-Jun-04,2.25
23-Jun-04,2.25
30-Jun-04,2.25
07-Jul-04,2.25
14-Jul-04,2.25
21-Jul-04,2.25
28-Jul-04,2.25
04-Aug-04,2.25
11-Aug-04,2.25
18-Aug-04,2.25
25-Aug-04,2.25
01-Sep-04,2.25
08-Sep-04,2.5
15-Sep-04,2.5
22-Sep-04,2.5
29-Sep-04,2.5
06-Oct-04,2.5
13-Oct-04,2.5
20-Oct-04,2.75
27-Oct-04,2.75
03-Nov-04,2.75
10-Nov-04,2.75
17-Nov-04,2.75
24-Nov-04,2.75
01-Dec-04,2.75
08-Dec-04,2.75
15-Dec-04,2.75
22-Dec-04,2.75
29-Dec-04,2.75
05-Jan-05,2.75
12-Jan-05,2.75
19-Jan-05,2.75
26-Jan-05,2.75
02-Feb-05,2.75
09-Feb-05,2.75
16-Feb-05,2.75
23-Feb-05,2.75
02-Mar-05,2.75
09-Mar-05,2.75
16-Mar-05,2.75
23-Mar-05,2.75
30-Mar-05,2.75
06-Apr-05,2.75
13-Apr-05,2.75
20-Apr-05,2.75
27-Apr-05,2.75
04-May-05,2.75
11-May-05,2.75
18-May-05,2.75
25-May-05,2.75
01-Jun-05,2.75
08-Jun-05,2.75
15-Jun-05,2.75
22-Jun-05,2.75
29-Jun-05,2.75
06-Jul-05,2.75
13-Jul-05,2.75
20-Jul-05,2.75
27-Jul-05,2.75
03-Aug-05,2.75
10-Aug-05,2.75
17-Aug-05,2.75
24-Aug-05,2.75
31-Aug-05,2.75
07-Sep-05,3
14-Sep-05,3
21-Sep-05,3
28-Sep-05,3
05-Oct-05,3
12-Oct-05,3
19-Oct-05,3.25
26-Oct-05,3.25
02-Nov-05,3.25
09-Nov-05,3.25
16-Nov-05,3.25
23-Nov-05,3.25
30-Nov-05,3.25
07-Dec-05,3.5
14-Dec-05,3.5
21-Dec-05,3.5
28-Dec-05,3.5
04-Jan-06,3.5
11-Jan-06,3.5
18-Jan-06,3.5
25-Jan-06,3.75
01-Feb-06,3.75
08-Feb-06,3.75
15-Feb-06,3.75
22-Feb-06,3.75
01-Mar-06,3.75
08-Mar-06,4
15-Mar-06,4
22-Mar-06,4
29-Mar-06,4
05-Apr-06,4
12-Apr-06,4
19-Apr-06,4
26-Apr-06,4.25
03-May-06,4.25
10-May-06,4.25
17-May-06,4.25
24-May-06,4.5
31-May-06,4.5
07-Jun-06,4.5
14-Jun-06,4.5
21-Jun-06,4.5
28-Jun-06,4.5
05-Jul-06,4.5
12-Jul-06,4.5
19-Jul-06,4.5
26-Jul-06,4.5
02-Aug-06,4.5
09-Aug-06,4.5
16-Aug-06,4.5
23-Aug-06,4.5
30-Aug-06,4.5
06-Sep-06,4.5
13-Sep-06,4.5
20-Sep-06,4.5
27-Sep-06,4.5
04-Oct-06,4.5
11-Oct-06,4.5
18-Oct-06,4.5
25-Oct-06,4.5
01-Nov-06,4.5
08-Nov-06,4.5
15-Nov-06,4.5
22-Nov-06,4.5
29-Nov-06,4.5
06-Dec-06,4.5
13-Dec-06,4.5
20-Dec-06,4.5
27-Dec-06,4.5
03-Jan-07,4.5
10-Jan-07,4.5
17-Jan-07,4.5
24-Jan-07,4.5
31-Jan-07,4.5
07-Feb-07,4.5
14-Feb-07,4.5
21-Feb-07,4.5
28-Feb-07,4.5
07-Mar-07,4.5
14-Mar-07,4.5
21-Mar-07,4.5
28-Mar-07,4.5
04-Apr-07,4.5
11-Apr-07,4.5
18-Apr-07,4.5
25-Apr-07,4.5
02-May-07,4.5
09-May-07,4.5
16-May-07,4.5
23-May-07,4.5
30-May-07,4.5
06-Jun-07,4.5
13-Jun-07,4.5
20-Jun-07,4.5
27-Jun-07,4.5
04-Jul-07,4.5
11-Jul-07,4.75
18-Jul-07,4.75
25-Jul-07,4.75
01-Aug-07,4.75
08-Aug-07,4.75
15-Aug-07,4.75
22-Aug-07,4.75
29-Aug-07,4.75
05-Sep-07,4.75
12-Sep-07,4.75
19-Sep-07,4.75
26-Sep-07,4.75
03-Oct-07,4.75
10-Oct-07,4.75
17-Oct-07,4.75
24-Oct-07,4.75
31-Oct-07,4.75
07-Nov-07,4.75
14-Nov-07,4.75
21-Nov-07,4.75
28-Nov-07,4.75
05-Dec-07,4.5
12-Dec-07,4.5
19-Dec-07,4.5
26-Dec-07,4.5
02-Jan-08,4.5
09-Jan-08,4.5
16-Jan-08,4.5
23-Jan-08,4.25
30-Jan-08,4.25
06-Feb-08,4.25
13-Feb-08,4.25
20-Feb-08,4.25
27-Feb-08,4.25
05-Mar-08,3.75
12-Mar-08,3.75
19-Mar-08,3.75
26-Mar-08,3.75
02-Apr-08,3.75
09-Apr-08,3.75
16-Apr-08,3.75
23-Apr-08,3.25
30-Apr-08,3.25
07-May-08,3.25
14-May-08,3.25
21-May-08,3.25
28-May-08,3.25
04-Jun-08,3.25
11-Jun-08,3.25
18-Jun-08,3.25
25-Jun-08,3.25
02-Jul-08,3.25
09-Jul-08,3.25
16-Jul-08,3.25
23-Jul-08,3.25
30-Jul-08,3.25
06-Aug-08,3.25
13-Aug-08,3.25
20-Aug-08,3.25
27-Aug-08,3.25
03-Sep-08,3.25
10-Sep-08,3.25
17-Sep-08,3.25
24-Sep-08,3.25
01-Oct-08,3.25
08-Oct-08,2.75
15-Oct-08,2.75
22-Oct-08,2.5
29-Oct-08,2.5
05-Nov-08,2.5
12-Nov-08,2.5
19-Nov-08,2.5
26-Nov-08,2.5
03-Dec-08,2.5
10-Dec-08,1.75
17-Dec-08,1.75
24-Dec-08,1.75
31-Dec-08,1.75
07-Jan-09,1.75
14-Jan-09,1.75
21-Jan-09,1.25
28-Jan-09,1.25
04-Feb-09,1.25
11-Feb-09,1.25
18-Feb-09,1.25
25-Feb-09,1.25
04-Mar-09,0.75
11-Mar-09,0.75
18-Mar-09,0.75
25-Mar-09,0.75
01-Apr-09,0.75
08-Apr-09,0.75
15-Apr-09,0.75
22-Apr-09,0.5
29-Apr-09,0.5
06-May-09,0.5
13-May-09,0.5
20-May-09,0.5
27-May-09,0.5
03-Jun-09,0.5
10-Jun-09,0.5
17-Jun-09,0.5
24-Jun-09,0.5
01-Jul-09,0.5
08-Jul-09,0.5
15-Jul-09,0.5
22-Jul-09,0.5
29-Jul-09,0.5
05-Aug-09,0.5
12-Aug-09,0.5
19-Aug-09,0.5
26-Aug-09,0.5
02-Sep-09,0.5
09-Sep-09,0.5
16-Sep-09,0.5
23-Sep-09,0.5
30-Sep-09,0.5
07-Oct-09,0.5
14-Oct-09,0.5
21-Oct-09,0.5
28-Oct-09,0.5
04-Nov-09,0.5
11-Nov-09,0.5
18-Nov-09,0.5
25-Nov-09,0.5
02-Dec-09,0.5
09-Dec-09,0.5
16-Dec-09,0.5
23-Dec-09,0.5
30-Dec-09,0.5
06-Jan-10,0.5
13-Jan-10,0.5
20-Jan-10,0.5
27-Jan-10,0.5
03-Feb-10,0.5
10-Feb-10,0.5
17-Feb-10,0.5
24-Feb-10,0.5
03-Mar-10,0.5
10-Mar-10,0.5
17-Mar-10,0.5
24-Mar-10,0.5
31-Mar-10,0.5
07-Apr-10,0.5
14-Apr-10,0.5
21-Apr-10,0.5
28-Apr-10,0.5
05-May-10,0.5
12-May-10,0.5
19-May-10,0.5
26-May-10,0.5
02-Jun-10,0.75
09-Jun-10,0.75
16-Jun-10,0.75
23-Jun-10,0.75
30-Jun-10,0.75
07-Jul-10,0.75
14-Jul-10,0.75
21-Jul-10,1
28-Jul-10,1
04-Aug-10,1
11-Aug-10,1
18-Aug-10,1
25-Aug-10,1
01-Sep-10,1
08-Sep-10,1.25
15-Sep-10,1.25
22-Sep-10,1.25
29-Sep-10,1.25
06-Oct-10,1.25
13-Oct-10,1.25
20-Oct-10,1.25
27-Oct-10,1.25
03-Nov-10,1.25
10-Nov-10,1.25
17-Nov-10,1.25
24-Nov-10,1.25
01-Dec-10,1.25
08-Dec-10,1.25
15-Dec-10,1.25
22-Dec-10,1.25
29-Dec-10,1.25
05-Jan-11,1.25
12-Jan-11,1.25
19-Jan-11,1.25
26-Jan-11,1.25
02-Feb-11,1.25
09-Feb-11,1.25
16-Feb-11,1.25
23-Feb-11,1.25
02-Mar-11,1.25
09-Mar-11,1.25
16-Mar-11,1.25
23-Mar-11,1.25
30-Mar-11,1.25
06-Apr-11,1.25
13-Apr-11,1.25
20-Apr-11,1.25
27-Apr-11,1.25
04-May-11,1.25
11-May-11,1.25
18-May-11,1.25
25-May-11,1.25
01-Jun-11,1.25
08-Jun-11,1.25
15-Jun-11,1.25
22-Jun-11,1.25
29-Jun-11,1.25
06-Jul-11,1.25
13-Jul-11,1.25
20-Jul-11,1.25
27-Jul-11,1.25
03-Aug-11,1.25
10-Aug-11,1.25
17-Aug-11,1.25
24-Aug-11,1.25
31-Aug-11,1.25
07-Sep-11,1.25
14-Sep-11,1.25
21-Sep-11,1.25
28-Sep-11,1.25
05-Oct-11,1.25
12-Oct-11,1.25
19-Oct-11,1.25
26-Oct-11,1.25
02-Nov-11,1.25
09-Nov-11,1.25
16-Nov-11,1.25
23-Nov-11,1.25
30-Nov-11,1.25
07-Dec-11,1.25
14-Dec-11,1.25
21-Dec-11,1.25
28-Dec-11,1.25
04-Jan-12,1.25
11-Jan-12,1.25
18-Jan-12,1.25
25-Jan-12,1.25
01-Feb-12,1.25
08-Feb-12,1.25
15-Feb-12,1.25
22-Feb-12,1.25
29-Feb-12,1.25
07-Mar-12,1.25
14-Mar-12,1.25
21-Mar-12,1.25
28-Mar-12,1.25
04-Apr-12,1.25
11-Apr-12,1.25
18-Apr-12,1.25
25-Apr-12,1.25
02-May-12,1.25
09-May-12,1.25
16-May-12,1.25
23-May-12,1.25
30-May-12,1.25
06-Jun-12,1.25
13-Jun-12,1.25
20-Jun-12,1.25
27-Jun-12,1.25
04-Jul-12,1.25
11-Jul-12,1.25
18-Jul-12,1.25
25-Jul-12,1.25
01-Aug-12,1.25
08-Aug-12,1.25
15-Aug-12,1.25
22-Aug-12,1.25
29-Aug-12,1.25
05-Sep-12,1.25
12-Sep-12,1.25
19-Sep-12,1.25
26-Sep-12,1.25
03-Oct-12,1.25
10-Oct-12,1.25
17-Oct-12,1.25
24-Oct-12,1.25
31-Oct-12,1.25
07-Nov-12,1.25
14-Nov-12,1.25
21-Nov-12,1.25
28-Nov-12,1.25
05-Dec-12,1.25
12-Dec-12,1.25
19-Dec-12,1.25
26-Dec-12,1.25
02-Jan-13,1.25
09-Jan-13,1.25
16-Jan-13,1.25
23-Jan-13,1.25
30-Jan-13,1.25
06-Feb-13,1.25
13-Feb-13,1.25
20-Feb-13,1.25
27-Feb-13,1.25
06-Mar-13,1.25
13-Mar-13,1.25
20-Mar-13,1.25
27-Mar-13,1.25
03-Apr-13,1.25
10-Apr-13,1.25
17-Apr-13,1.25
24-Apr-13,1.25
01-May-13,1.25
08-May-13,1.25
15-May-13,1.25
22-May-13,1.25
29-May-13,1.25
05-Jun-13,1.25
12-Jun-13,1.25
19-Jun-13,1.25
26-Jun-13,1.25
03-Jul-13,1.25
10-Jul-13,1.25
17-Jul-13,1.25
24-Jul-13,1.25
31-Jul-13,1.25
07-Aug-13,1.25
14-Aug-13,1.25
21-Aug-13,1.25
28-Aug-13,1.25
04-Sep-13,1.25
11-Sep-13,1.25
18-Sep-13,1.25
25-Sep-13,1.25
02-Oct-13,1.25
09-Oct-13,1.25
16-Oct-13,1.25
23-Oct-13,1.25
30-Oct-13,1.25
06-Nov-13,1.25
13-Nov-13,1.25
20-Nov-13,1.25
27-Nov-13,1.25
04-Dec-13,1.25
11-Dec-13,1.25
18-Dec-13,1.25
25-Dec-13,1.25
01-Jan-14,1.25
08-Jan-14,1.25
15-Jan-14,1.25
22-Jan-14,1.25
29-Jan-14,1.25
05-Feb-14,1.25
12-Feb-14,1.25
19-Feb-14,1.25
26-Feb-14,1.25
05-Mar-14,1.25
12-Mar-14,1.25
19-Mar-14,1.25
26-Mar-14,1.25
02-Apr-14,1.25
09-Apr-14,1.25
16-Apr-14,1.25
23-Apr-14,1.25
30-Apr-14,1.25
07-May-14,1.25
14-May-14,1.25
21-May-14,1.25
28-May-14,1.25
04-Jun-14,1.25
11-Jun-14,1.25
18-Jun-14,1.25
25-Jun-14,1.25
02-Jul-14,1.25
09-Jul-14,1.25
16-Jul-14,1.25
23-Jul-14,1.25
30-Jul-14,1.25
06-Aug-14,1.25
13-Aug-14,1.25
20-Aug-14,1.25
27-Aug-14,1.25
03-Sep-14,1.25
10-Sep-14,1.25
17-Sep-14,1.25
24-Sep-14,1.25
01-Oct-14,1.25
08-Oct-14,1.25
15-Oct-14,1.25
22-Oct-14,1.25
29-Oct-14,1.25
05-Nov-14,1.25
12-Nov-14,1.25
19-Nov-14,1.25
26-Nov-14,1.25
03-Dec-14,1.25
10-Dec-14,1.25
17-Dec-14,1.25
24-Dec-14,1.25
31-Dec-14,1.25
07-Jan-15,1.25
14-Jan-15,1.25
21-Jan-15,1
28-Jan-15,1
04-Feb-15,1
11-Feb-15,1
18-Feb-15,1
25-Feb-15,1
04-Mar-15,1
11-Mar-15,1
18-Mar-15,1
25-Mar-15,1
01-Apr-15,1
08-Apr-15,1
15-Apr-15,1
22-Apr-15,1
29-Apr-15,1
06-May-15,1
13-May-15,1
20-May-15,1
27-May-15,1
03-Jun-15,1
10-Jun-15,1
17-Jun-15,1
24-Jun-15,1
01-Jul-15,1
08-Jul-15,1
15-Jul-15,0.75
22-Jul-15,0.75
29-Jul-15,0.75
05-Aug-15,0.75
12-Aug-15,0.75
19-Aug-15,0.75
26-Aug-15,0.75
02-Sep-15,0.75
09-Sep-15,0.75
16-Sep-15,0.75
23-Sep-15,0.75
30-Sep-15,0.75
07-Oct-15,0.75
14-Oct-15,0.75
21-Oct-15,0.75
28-Oct-15,0.75
04-Nov-15,0.75
11-Nov-15,0.75
18-Nov-15,0.75
25-Nov-15,0.75
02-Dec-15,0.75
09-Dec-15,0.75
16-Dec-15,0.75
23-Dec-15,0.75
30-Dec-15,0.75
06-Jan-16,0.75
13-Jan-16,0.75
20-Jan-16,0.75
27-Jan-16,0.75
03-Feb-16,0.75
10-Feb-16,0.75
17-Feb-16,0.75
24-Feb-16,0.75
02-Mar-16,0.75
09-Mar-16,0.75
16-Mar-16,0.75
23-Mar-16,0.75
30-Mar-16,0.75
06-Apr-16,0.75
13-Apr-16,0.75
20-Apr-16,0.75
27-Apr-16,0.75
04-May-16,0.75
11-May-16,0.75
18-May-16,0.75
25-May-16,0.75
01-Jun-16,0.75
08-Jun-16,0.75
15-Jun-16,0.75
22-Jun-16,0.75
29-Jun-16,0.75
06-Jul-16,0.75
13-Jul-16,0.75
20-Jul-16,0.75
27-Jul-16,0.75
03-Aug-16,0.75
10-Aug-16,0.75
17-Aug-16,0.75
24-Aug-16,0.75
31-Aug-16,0.75
07-Sep-16,0.75
14-Sep-16,0.75
21-Sep-16,0.75
28-Sep-16,0.75
05-Oct-16,0.75
12-Oct-16,0.75
19-Oct-16,0.75
26-Oct-16,0.75
02-Nov-16,0.75
09-Nov-16,0.75
16-Nov-16,0.75
23-Nov-16,0.75
30-Nov-16,0.75
07-Dec-16,0.75
14-Dec-16,0.75
21-Dec-16,0.75
28-Dec-16,0.75
04-Jan-17,0.75
11-Jan-17,0.75
18-Jan-17,0.75
25-Jan-17,0.75
01-Feb-17,0.75
08-Feb-17,0.75
15-Feb-17,0.75
22-Feb-17,0.75
01-Mar-17,0.75
08-Mar-17,0.75
15-Mar-17,0.75
22-Mar-17,0.75
29-Mar-17,0.75
05-Apr-17,0.75
12-Apr-17,0.75
19-Apr-17,0.75
26-Apr-17,0.75
03-May-17,0.75
10-May-17,0.75
17-May-17,0.75
24-May-17,0.75
31-May-17,0.75
07-Jun-17,0.75
14-Jun-17,0.75
21-Jun-17,0.75
28-Jun-17,0.75
05-Jul-17,0.75
12-Jul-17,1
19-Jul-17,1
26-Jul-17,1
02-Aug-17,1
09-Aug-17,1
16-Aug-17,1
23-Aug-17,1
30-Aug-17,1
06-Sep-17,1.25
13-Sep-17,1.25
20-Sep-17,1.25
27-Sep-17,1.25
04-Oct-17,1.25
11-Oct-17,1.25
18-Oct-17,1.25
25-Oct-17,1.25
01-Nov-17,1.25
08-Nov-17,1.25
15-Nov-17,1.25
22-Nov-17,1.25
29-Nov-17,1.25
06-Dec-17,1.25
13-Dec-17,1.25
20-Dec-17,1.25
27-Dec-17,1.25
03-Jan-18,1.25
10-Jan-18,1.25
17-Jan-18,1.5
24-Jan-18,1.5
31-Jan-18,1.5
07-Feb-18,1.5
14-Feb-18,1.5
21-Feb-18,1.5
28-Feb-18,1.5
07-Mar-18,1.5
14-Mar-18,1.5
21-Mar-18,1.5
28-Mar-18,1.5
04-Apr-18,1.5
11-Apr-18,1.5
18-Apr-18,1.5
25-Apr-18,1.5
02-May-18,1.5
09-May-18,1.5
16-May-18,1.5
23-May-18,1.5
30-May-18,1.5
06-Jun-18,1.5
13-Jun-18,1.5
20-Jun-18,1.5
27-Jun-18,1.5
04-Jul-18,1.5
11-Jul-18,1.75
18-Jul-18,1.75
25-Jul-18,1.75
01-Aug-18,1.75
08-Aug-18,1.75
15-Aug-18,1.75
22-Aug-18,1.75
29-Aug-18,1.75
05-Sep-18,1.75
12-Sep-18,1.75
19-Sep-18,1.75
26-Sep-18,1.75
03-Oct-18,1.75
10-Oct-18,1.75
17-Oct-18,1.75
24-Oct-18,2
31-Oct-18,2
07-Nov-18,2
14-Nov-18,2
21-Nov-18,2
28-Nov-18,2
05-Dec-18,2
12-Dec-18,2
19-Dec-18,2
26-Dec-18,2
02-Jan-19,2
09-Jan-19,2
16-Jan-19,2
23-Jan-19,2
30-Jan-19,2
06-Feb-19,2
13-Feb-19,2
20-Feb-19,2
27-Feb-19,2
06-Mar-19,2
13-Mar-19,2
20-Mar-19,2
27-Mar-19,2
03-Apr-19,2
10-Apr-19,2
17-Apr-19,2
24-Apr-19,2
01-May-19,2
08-May-19,2
15-May-19,2
22-May-19,2
29-May-19,2
05-Jun-19,2
12-Jun-19,2
19-Jun-19,2
26-Jun-19,2
03-Jul-19,2
10-Jul-19,2
17-Jul-19,2
24-Jul-19,2
31-Jul-19,2
07-Aug-19,2
14-Aug-19,2
21-Aug-19,2
28-Aug-19,2
04-Sep-19,2
11-Sep-19,2
18-Sep-19,2
25-Sep-19,2
02-Oct-19,2
09-Oct-19,2
16-Oct-19,2
23-Oct-19,2
30-Oct-19,2
06-Nov-19,2
13-Nov-19,2
20-Nov-19,2
27-Nov-19,2
04-Dec-19,2
11-Dec-19,2
18-Dec-19,2
25-Dec-19,2
01-Jan-20,2
08-Jan-20,2
15-Jan-20,2
22-Jan-20,2
29-Jan-20,2
05-Feb-20,2
12-Feb-20,2
19-Feb-20,2
26-Feb-20,2
04-Mar-20,1.5
11-Mar-20,1.5
18-Mar-20,1
25-Mar-20,1
01-Apr-20,0.5
08-Apr-20,0.5
15-Apr-20,0.5
22-Apr-20,0.5
29-Apr-20,0.5
06-May-20,0.5
13-May-20,0.5
20-May-20,0.5
27-May-20,0.5
03-Jun-20,0.5
10-Jun-20,0.5
17-Jun-20,0.5
24-Jun-20,0.5
01-Jul-20,0.5
08-Jul-20,0.5
15-Jul-20,0.5
22-Jul-20,0.5
29-Jul-20,0.5
05-Aug-20,0.5
12-Aug-20,0.5
19-Aug-20,0.5
26-Aug-20,0.5
02-Sep-20,0.5
09-Sep-20,0.5
16-Sep-20,0.5
23-Sep-20,0.5
30-Sep-20,0.5
07-Oct-20,0.5
14-Oct-20,0.5
21-Oct-20,0.5
28-Oct-20,0.5
04-Nov-20,0.5
11-Nov-20,0.5
18-Nov-20,0.5
25-Nov-20,0.5
02-Dec-20,0.5
09-Dec-20,0.5
16-Dec-20,0.5
23-Dec-20,0.5
30-Dec-20,0.5
06-Jan-21,0.5
13-Jan-21,0.5
20-Jan-21,0.5
27-Jan-21,0.5
03-Feb-21,0.5
10-Feb-21,0.5
17-Feb-21,0.5
24-Feb-21,0.5
03-Mar-21,0.5
10-Mar-21,0.5
17-Mar-21,0.5
24-Mar-21,0.5
31-Mar-21,0.5
07-Apr-21,0.5
14-Apr-21,0.5
21-Apr-21,0.5
28-Apr-21,0.5
05-May-21,0.5
12-May-21,0.5
19-May-21,0.5
26-May-21,0.5
02-Jun-21,0.5
09-Jun-21,0.5
16-Jun-21,0.5
23-Jun-21,0.5
30-Jun-21,0.5
07-Jul-21,0.5
14-Jul-21,0.5
21-Jul-21,0.5
28-Jul-21,0.5
04-Aug-21,0.5
11-Aug-21,0.5
18-Aug-21,0.5
25-Aug-21,0.5
01-Sep-21,0.5
08-Sep-21,0.5
15-Sep-21,0.5
22-Sep-21,0.5
29-Sep-21,0.5
06-Oct-21,0.5
13-Oct-21,0.5
20-Oct-21,0.5
27-Oct-21,0.5
03-Nov-21,0.5
10-Nov-21,0.5
17-Nov-21,0.5
24-Nov-21,0.5
01-Dec-21,0.5
08-Dec-21,0.5
15-Dec-21,0.5
22-Dec-21,0.5
29-Dec-21,0.5
05-Jan-22,0.5
12-Jan-22,0.5
19-Jan-22,0.5
26-Jan-22,0.5
02-Feb-22,0.5
09-Feb-22,0.5
16-Feb-22,0.5
23-Feb-22,0.5
02-Mar-22,0.5
09-Mar-22,0.75
16-Mar-22,0.75
23-Mar-22,0.75
30-Mar-22,0.75
06-Apr-22,0.75
13-Apr-22,0.75
20-Apr-22,1.25
27-Apr-22,1.25
04-May-22,1.25
11-May-22,1.25
18-May-22,1.25
25-May-22,1.25
01-Jun-22,1.25
08-Jun-22,1.75
15-Jun-22,1.75
22-Jun-22,1.75
29-Jun-22,1.75
06-Jul-22,1.75
13-Jul-22,1.75
20-Jul-22,2.75
27-Jul-22,2.75
03-Aug-22,2.75
10-Aug-22,2.75
17-Aug-22,2.75
24-Aug-22,2.75
31-Aug-22,2.75
07-Sep-22,2.75
14-Sep-22,3.5
21-Sep-22,3.5
28-Sep-22,3.5
05-Oct-22,3.5
12-Oct-22,3.5
19-Oct-22,3.5
26-Oct-22,3.5
02-Nov-22,4
09-Nov-22,4
16-Nov-22,4
23-Nov-22,4
30-Nov-22,4
07-Dec-22,4
14-Dec-22,4.5
21-Dec-22,4.5
28-Dec-22,4.5
04-Jan-23,4.5
11-Jan-23,4.5
18-Jan-23,4.5
25-Jan-23,4.5
01-Feb-23,4.75
08-Feb-23,4.75
15-Feb-23,4.75
22-Feb-23,4.75
01-Mar-23,4.75
08-Mar-23,4.75
15-Mar-23,4.75
22-Mar-23,4.75
29-Mar-23,4.75
05-Apr-23,4.75
12-Apr-23,4.75
19-Apr-23,4.75
26-Apr-23,4.75
03-May-23,4.75
10-May-23,4.75
17-May-23,4.75
24-May-23,4.75
31-May-23,4.75
07-Jun-23,4.75
14-Jun-23,5
21-Jun-23,5
28-Jun-23,5
05-Jul-23,5
12-Jul-23,5
19-Jul-23,5.25
26-Jul-23,5.25
02-Aug-23,5.25
09-Aug-23,5.25
